Feature_Set,Accuracy,Precision,Recall,F1
feature_set_1,0.7666437707041812,0.03664073913215146,0.2755344418052256,0.06468025788464889
feature_set_2,0.6401015537374036,0.05767396412535188,0.7360451306413301,0.10696640849172617
feature_set_3,0.8716405971498874,0.08560622590733871,0.3494655581947744,0.1375240988490974
feature_set_4,0.9538486953648718,0.042020774315391876,0.02642517814726841,0.032446226759022964
