Feature_Set,Accuracy,Precision,Recall,F1
feature_set_1,0.9988696929912271,0.9633657698912421,0.9994061757719715,0.9810550859807636
feature_set_2,0.9988609983219289,0.9636207390432541,0.998812351543943,0.9809010059775477
feature_set_3,0.9992609531096485,0.9767644496079001,0.9985154394299287,0.9875201879312876
feature_set_4,0.9993565944719293,0.9796156086196856,0.998812351543943,0.9891208468097619
