Feature_Set,Accuracy,Precision,Recall,F1
feature_set_1,0.9999304426456139,0.998220640569395,0.9994061757719715,0.998813056379822
feature_set_2,0.9999304426456139,0.998220640569395,0.9994061757719715,0.998813056379822
feature_set_3,0.9998348012833332,0.995560816809707,0.998812351543943,0.9971839336001186
feature_set_4,0.9998261066140349,0.9955595026642984,0.9985154394299287,0.9970352801660243
