Feature_Set,Optimal_Cutoff,Accuracy,Precision,Recall,F1
feature_set_1,4.0,0.9758872987166557,0.722607229818318,0.2864142538975501,0.4102291456217768
feature_set_2,6.0,0.9758459986783988,0.7216165413533835,0.285003711952487,0.4086216072378925
feature_set_3,15.0,0.974633081765381,0.6730103806228374,0.2599109131403118,0.375
feature_set_4,19.0,0.9749743505025562,0.7169142097095987,0.2400890868596882,0.35971303042099995
