Feature_Set,Optimal_Cutoff,Accuracy,Precision,Recall,F1
feature_set_1,4.0,0.9762026901306808,0.7443841982958946,0.28533254156769594,0.4125348787293411
feature_set_2,6.0,0.9761679114534879,0.7435897435897436,0.28414489311163893,0.4111707841031149
feature_set_3,15.0,0.9748376270508551,0.6869085173501577,0.2586104513064133,0.3757549611734254
feature_set_4,19.0,0.9750202151061185,0.7211796246648794,0.23960807600950118,0.35970581680410074
